"","1","2","3","4","5","6","7","8"
"Name","Gender","Email","Phone","Address","Nationality","DOB","Education Background","Mode Of Contact"
"Riley Mcclain","female","foxohukeb@yahoo.com","2093305","908 First Street","Repudiandae","28/01/2017","Distinctio","phone"
"Riley Mcclain","female","foxohukeb@yahoo.com","2093305","908 First Street","Repudiandae","28/01/2017","Distinctio","phone"
"Riley Mcclain","female","foxohukeb@yahoo.com","2093305","908 First Street","Repudiandae","28/01/2017","Distinctio","phone"
"Riley Mcclain","female","foxohukeb@yahoo.com","2093305","908 First Street","Repudiandae","28/01/2017","Distinctio","phone"
"Riley Mcclain","female","foxohukeb@yahoo.com","2093305","908 First Street","Repudiandae","28/01/2017","Distinctio","phone"
"Test Test 001","male","test@testmail.com","123456789","KTM Test Vally","Nepali","11/11/1987","BSC","email"
"Ivy Rutledge","male","xutibije@hotmail.com","2936958","458 North White Oak Lane","Eaque ","19/01/2017","Consequat","phone"
"Ivy Rutledge","male","xutibije@hotmail.com","2936958","458 North White Oak Lane","Eaque ","19/01/2017","Consequat","phone"
"Vanna Dillon","male","tuxiho@hotmail.com","2490012","125 South Fabien Street","Eos nihil","06/01/2017","Laborum","phone"
"Test Test 001","male","test@testmail.com","123456789","KTM Test Vally","Nepali","11/11/1987","BSC","email"
"Test Test 001","male","test@testmail.com","123456789","KTM Test Vally","Nepali","11/11/1987","BSC","email"
"Test Test 001","male","test@testmail.com","123456789","KTM Test Vally","Nepali","11/11/1987","BSC","email"
"Test Test 001","male","test@testmail.com","123456789","KTM Test Vally","Nepali","11/11/1987","BSC","email"
"Test Test 001","male","test@testmail.com","123456789","KTM Test Vally","Nepali","11/11/1987","BSC","email"
"Dorian Bruce","female","jifapacetu@hotmail.com","2114742","819 New Lane","Tenetur","12/01/2017","Nostrud","email"
